"Date","Price","Open","High","Low","Vol.","Change %"
"Feb 21, 2018","7,279.50","7,236.00","7,281.75","7,217.50","0","0.45"
"Feb 20, 2018","7,246.77","7,247.66","7,264.78","7,202.14","699.56M","-0.01"
"Feb 19, 2018","7,247.66","7,294.70","7,306.21","7,239.98","520.05M","-0.64"
"Feb 16, 2018","7,294.70","7,234.81","7,307.97","7,234.81","671.91M","0.83"
"Feb 15, 2018","7,234.81","7,213.97","7,267.96","7,206.69","770.03M","0.29"
"Feb 14, 2018","7,213.97","7,168.01","7,243.15","7,145.73","969.40M","0.64"
"Feb 13, 2018","7,168.01","7,177.06","7,202.99","7,165.83","740.99M","-0.13"
"Feb 12, 2018","7,177.06","7,092.43","7,199.93","7,092.43","737.67M","1.19"
"Feb 09, 2018","7,092.43","7,170.69","7,170.69","7,073.03","955.73M","-1.09"
"Feb 08, 2018","7,170.69","7,279.42","7,279.42","7,161.31","1.00B","-1.49"
"Feb 07, 2018","7,279.42","7,141.40","7,311.50","7,141.40","1.06B","1.93"
"Feb 06, 2018","7,141.40","7,334.98","7,334.98","7,079.41","1.40B","-2.64"
"Feb 05, 2018","7,334.98","7,443.43","7,443.43","7,334.79","916.49M","-1.46"
"Feb 02, 2018","7,443.43","7,490.39","7,494.76","7,432.25","898.53M","-0.63"
"Feb 01, 2018","7,490.39","7,533.55","7,554.73","7,476.51","899.49M","-0.57"
"Jan 31, 2018","7,533.55","7,587.98","7,599.01","7,521.77","907.20M","-0.72"
"Jan 30, 2018","7,587.98","7,671.53","7,671.67","7,587.12","823.71M","-1.09"
"Jan 29, 2018","7,671.53","7,665.54","7,689.15","7,663.93","631.88M","0.08"
"Jan 26, 2018","7,665.54","7,615.84","7,667.40","7,615.84","735.67M","0.65"
"Jan 25, 2018","7,615.84","7,643.43","7,662.35","7,608.53","735.31M","-0.36"
"Jan 24, 2018","7,643.43","7,731.83","7,731.98","7,643.43","769.85M","-1.14"
"Jan 23, 2018","7,731.83","7,715.44","7,745.22","7,710.03","765.38M","0.21"
"Jan 22, 2018","7,715.44","7,730.79","7,739.35","7,703.67","752.61M","-0.20"
"Jan 19, 2018","7,730.79","7,700.96","7,731.82","7,694.66","820.00M","0.39"
"Jan 18, 2018","7,700.96","7,725.43","7,739.54","7,683.71","789.20M","-0.32"
"Jan 17, 2018","7,725.43","7,755.93","7,755.93","7,711.11","847.95M","-0.39"
"Jan 16, 2018","7,755.93","7,769.14","7,791.83","7,740.55","849.62M","-0.17"
"Jan 15, 2018","7,769.14","7,778.64","7,783.61","7,763.43","568.97M","-0.12"
"Jan 12, 2018","7,778.64","7,762.94","7,792.56","7,752.63","1.17B","0.20"
"Jan 11, 2018","7,762.94","7,748.51","7,768.96","7,734.64","1.01B","0.19"
"Jan 10, 2018","7,748.51","7,731.02","7,756.11","7,716.21","885.66M","0.23"
"Jan 09, 2018","7,731.02","7,696.51","7,733.12","7,696.50","728.23M","0.45"
"Jan 08, 2018","7,696.51","7,724.22","7,733.39","7,691.77","654.44M","-0.36"
"Jan 05, 2018","7,724.22","7,695.88","7,727.73","7,689.81","655.71M","0.37"
"Jan 04, 2018","7,695.88","7,671.11","7,702.51","7,671.11","727.69M","0.32"
"Jan 03, 2018","7,671.11","7,648.10","7,689.86","7,640.53","589.34M","0.30"
"Jan 02, 2018","7,648.10","7,687.77","7,691.34","7,624.14","594.07M","-0.52"
"Dec 29, 2017","7,687.77","7,622.88","7,697.62","7,620.01","298.18M","0.85"
"Dec 28, 2017","7,622.88","7,620.68","7,633.55","7,609.77","321.52M","0.03"
"Dec 27, 2017","7,620.68","7,592.66","7,632.71","7,586.42","472.51M","0.37"
"Dec 22, 2017","7,592.66","7,603.98","7,614.40","7,585.47","251.37M","-0.15"
"Dec 21, 2017","7,603.98","7,525.22","7,609.69","7,517.88","640.56M","1.05"
"Dec 20, 2017","7,525.22","7,544.09","7,550.60","7,511.45","679.71M","-0.25"
"Dec 19, 2017","7,544.09","7,537.01","7,563.49","7,534.08","695.72M","0.09"
"Dec 18, 2017","7,537.01","7,490.57","7,544.26","7,490.57","585.56M","0.62"
"Dec 15, 2017","7,490.57","7,448.12","7,490.57","7,433.78","1.22B","0.57"
"Dec 14, 2017","7,448.12","7,496.51","7,496.70","7,448.12","924.06M","-0.65"
"Dec 13, 2017","7,496.51","7,500.41","7,510.77","7,492.58","1.03B","-0.05"
"Dec 12, 2017","7,500.41","7,453.48","7,501.52","7,448.31","1.02B","0.63"
"Dec 11, 2017","7,453.48","7,393.96","7,458.40","7,393.58","933.60M","0.80"
"Dec 08, 2017","7,393.96","7,320.75","7,412.21","7,314.23","1.04B","1.00"
"Dec 07, 2017","7,320.75","7,348.03","7,371.73","7,314.60","823.88M","-0.37"
"Dec 06, 2017","7,348.03","7,327.50","7,369.71","7,289.36","692.98M","0.28"
"Dec 05, 2017","7,327.50","7,338.97","7,373.90","7,326.57","903.63M","-0.16"
"Dec 04, 2017","7,338.97","7,300.49","7,369.65","7,300.49","768.16M","0.53"
"Dec 01, 2017","7,300.49","7,326.67","7,355.43","7,288.73","865.25M","-0.36"
"Nov 30, 2017","7,326.67","7,393.56","7,416.26","7,326.67","1.38B","-0.90"
"Nov 29, 2017","7,393.56","7,460.65","7,460.65","7,386.67","1.11B","-0.90"
"Nov 28, 2017","7,460.65","7,383.90","7,469.61","7,373.95","946.12M","1.04"
"Nov 27, 2017","7,383.90","7,409.64","7,438.39","7,383.90","656.44M","-0.35"
"Nov 24, 2017","7,409.64","7,417.24","7,425.19","7,389.54","561.89M","-0.10"
"Nov 23, 2017","7,417.24","7,419.02","7,422.73","7,373.31","577.46M","-0.02"
"Nov 22, 2017","7,419.02","7,411.34","7,460.91","7,410.38","859.39M","0.10"
"Nov 21, 2017","7,411.34","7,389.46","7,422.18","7,367.86","753.29M","0.30"
"Nov 20, 2017","7,389.46","7,380.68","7,397.39","7,350.37","738.28M","0.12"
"Nov 17, 2017","7,380.68","7,386.94","7,406.53","7,356.16","731.96M","-0.08"
"Nov 16, 2017","7,386.94","7,372.61","7,393.28","7,368.14","926.68M","0.19"
"Nov 15, 2017","7,372.61","7,414.42","7,415.09","7,357.06","919.47M","-0.56"
"Nov 14, 2017","7,414.42","7,415.18","7,436.57","7,396.92","1.18B","-0.01"
"Nov 13, 2017","7,415.18","7,432.99","7,469.30","7,402.95","759.79M","-0.24"
"Nov 10, 2017","7,432.99","7,484.10","7,500.29","7,421.73","694.70M","-0.68"
"Nov 09, 2017","7,484.10","7,529.72","7,532.20","7,476.89","860.71M","-0.61"
"Nov 08, 2017","7,529.72","7,513.11","7,534.49","7,504.77","807.97M","0.22"
"Nov 07, 2017","7,513.11","7,562.28","7,582.85","7,507.83","747.48M","-0.65"
"Nov 06, 2017","7,562.28","7,560.35","7,572.90","7,544.20","632.91M","0.03"
"Nov 03, 2017","7,560.35","7,555.32","7,580.95","7,541.91","672.31M","0.07"
"Nov 02, 2017","7,555.32","7,487.96","7,562.26","7,478.88","1.03B","0.90"
"Nov 01, 2017","7,487.96","7,493.08","7,532.36","7,487.96","1.21B","-0.07"
"Oct 31, 2017","7,493.08","7,487.81","7,516.85","7,483.97","730.56M","0.07"
"Oct 30, 2017","7,487.81","7,505.03","7,507.02","7,478.41","749.41M","-0.23"
"Oct 27, 2017","7,505.03","7,486.50","7,520.76","7,485.24","870.03M","0.25"
"Oct 26, 2017","7,486.50","7,447.21","7,488.26","7,440.11","1.02B","0.53"
"Oct 25, 2017","7,447.21","7,526.54","7,528.46","7,437.42","922.39M","-1.05"
"Oct 24, 2017","7,526.54","7,524.45","7,535.22","7,508.50","676.61M","0.03"
"Oct 23, 2017","7,524.45","7,523.23","7,542.00","7,511.77","565.83M","0.02"
"Oct 20, 2017","7,523.23","7,523.04","7,560.04","7,517.07","752.95M","0.00"
"Oct 19, 2017","7,523.04","7,542.87","7,542.87","7,485.42","828.89M","-0.26"
"Oct 18, 2017","7,542.87","7,516.17","7,555.24","7,516.17","645.75M","0.36"
"Oct 17, 2017","7,516.17","7,526.97","7,550.44","7,506.31","1.03B","-0.14"
"Oct 16, 2017","7,526.97","7,535.44","7,557.00","7,526.73","738.06M","-0.11"
"Oct 13, 2017","7,535.44","7,556.24","7,556.24","7,521.09","686.92M","-0.28"
"Oct 12, 2017","7,556.24","7,533.81","7,565.11","7,526.33","722.80M","0.30"
"Oct 11, 2017","7,533.81","7,538.27","7,550.17","7,519.60","1.25B","-0.06"
"Oct 10, 2017","7,538.27","7,507.89","7,543.88","7,504.56","821.71M","0.40"
"Oct 09, 2017","7,507.89","7,522.87","7,523.65","7,493.68","695.85M","-0.20"
"Oct 06, 2017","7,522.87","7,507.99","7,527.72","7,507.99","694.72M","0.20"
"Oct 05, 2017","7,507.99","7,467.58","7,507.99","7,464.40","775.86M","0.54"
"Oct 04, 2017","7,467.58","7,468.11","7,476.33","7,456.61","945.11M","-0.01"
"Oct 03, 2017","7,468.11","7,438.84","7,469.82","7,426.67","718.75M","0.39"
"Oct 02, 2017","7,438.84","7,372.76","7,438.84","7,372.73","891.03M","0.90"
"Sep 29, 2017","7,372.76","7,322.82","7,382.67","7,321.64","750.78M","0.68"
"Sep 28, 2017","7,322.82","7,313.51","7,323.33","7,289.75","748.36M","0.13"
"Sep 27, 2017","7,313.51","7,285.74","7,327.50","7,285.74","857.13M","0.38"
"Sep 26, 2017","7,285.74","7,301.29","7,311.82","7,273.32","707.67M","-0.21"
"Sep 25, 2017","7,301.29","7,310.64","7,312.45","7,272.49","601.76M","-0.13"
"Sep 22, 2017","7,310.64","7,263.90","7,320.28","7,242.23","644.90M","0.64"
"Sep 21, 2017","7,263.90","7,271.95","7,289.16","7,260.05","807.48M","-0.11"
"Sep 20, 2017","7,271.95","7,275.25","7,289.93","7,249.58","794.23M","-0.05"
"Sep 19, 2017","7,275.25","7,253.28","7,285.67","7,243.59","797.45M","0.30"
"Sep 18, 2017","7,253.28","7,215.47","7,257.45","7,215.47","734.33M","0.52"
"Sep 15, 2017","7,215.47","7,295.39","7,295.39","7,196.58","1.46B","-1.10"
"Sep 14, 2017","7,295.39","7,379.70","7,390.70","7,287.73","1.26B","-1.14"
"Sep 13, 2017","7,379.70","7,400.69","7,401.30","7,336.23","870.09M","-0.28"
"Sep 12, 2017","7,400.69","7,413.59","7,435.84","7,386.98","768.76M","-0.17"
"Sep 11, 2017","7,413.59","7,377.60","7,434.07","7,377.60","633.81M","0.49"
"Sep 08, 2017","7,377.60","7,396.98","7,396.98","7,358.42","619.11M","-0.26"
"Sep 07, 2017","7,396.98","7,354.13","7,412.68","7,348.38","663.67M","0.58"
"Sep 06, 2017","7,354.13","7,372.92","7,372.92","7,322.42","697.15M","-0.25"
"Sep 05, 2017","7,372.92","7,411.47","7,437.51","7,369.58","558.08M","-0.52"
"Sep 04, 2017","7,411.47","7,438.50","7,438.50","7,404.05","398.67M","-0.36"
"Sep 01, 2017","7,438.50","7,430.62","7,460.52","7,430.06","552.91M","0.11"
"Aug 31, 2017","7,430.62","7,365.26","7,443.68","7,365.01","784.89M","0.89"
"Aug 30, 2017","7,365.26","7,337.43","7,381.33","7,337.43","686.61M","0.38"
"Aug 29, 2017","7,337.43","7,401.46","7,401.62","7,289.20","757.21M","-0.87"
"Aug 25, 2017","7,401.46","7,407.06","7,439.53","7,401.46","513.07M","-0.08"
"Aug 24, 2017","7,407.06","7,382.65","7,437.87","7,382.16","756.85M","0.33"
"Aug 23, 2017","7,382.65","7,381.74","7,394.52","7,360.33","611.96M","0.01"
"Aug 22, 2017","7,381.74","7,318.88","7,387.55","7,318.88","676.38M","0.86"
"Aug 21, 2017","7,318.88","7,323.98","7,331.95","7,296.80","552.91M","-0.07"
"Aug 18, 2017","7,323.98","7,387.87","7,387.87","7,302.47","741.56M","-0.86"
"Aug 17, 2017","7,387.87","7,433.03","7,433.74","7,382.16","593.94M","-0.61"
"Aug 16, 2017","7,433.03","7,383.85","7,444.98","7,383.85","586.26M","0.67"
"Aug 15, 2017","7,383.85","7,353.89","7,399.35","7,353.89","510.54M","0.41"
"Aug 14, 2017","7,353.89","7,309.96","7,377.66","7,309.96","553.29M","0.60"
"Aug 11, 2017","7,309.96","7,389.94","7,389.96","7,296.49","767.62M","-1.08"
"Aug 10, 2017","7,389.94","7,498.06","7,498.06","7,376.66","735.23M","-1.44"
"Aug 09, 2017","7,498.06","7,542.73","7,542.73","7,475.83","803.93M","-0.59"
"Aug 08, 2017","7,542.73","7,531.94","7,551.85","7,518.45","615.74M","0.14"
"Aug 07, 2017","7,531.94","7,511.71","7,533.74","7,511.71","632.19M","0.27"
"Aug 04, 2017","7,511.71","7,474.77","7,519.06","7,465.12","776.41M","0.49"
"Aug 03, 2017","7,474.77","7,411.43","7,484.53","7,384.22","819.30M","0.85"
"Aug 02, 2017","7,411.43","7,423.66","7,434.71","7,388.91","731.35M","-0.16"
"Aug 01, 2017","7,423.66","7,372.00","7,440.14","7,372.00","740.61M","0.70"
"Jul 31, 2017","7,372.00","7,368.37","7,425.52","7,367.86","927.04M","0.05"
"Jul 28, 2017","7,368.37","7,443.01","7,443.01","7,339.44","822.65M","-1.00"
"Jul 27, 2017","7,443.01","7,452.32","7,461.85","7,410.85","1.01B","-0.12"
"Jul 26, 2017","7,452.32","7,434.82","7,487.05","7,434.68","774.93M","0.24"
"Jul 25, 2017","7,434.82","7,377.73","7,453.74","7,377.73","798.83M","0.77"
"Jul 24, 2017","7,377.73","7,452.91","7,453.22","7,357.50","1.11B","-1.01"
"Jul 21, 2017","7,452.91","7,487.87","7,515.12","7,433.89","722.77M","-0.47"
"Jul 20, 2017","7,487.87","7,430.91","7,502.73","7,430.91","728.09M","0.77"
"Jul 19, 2017","7,430.91","7,390.22","7,442.84","7,379.33","660.42M","0.55"
"Jul 18, 2017","7,390.22","7,404.13","7,418.53","7,357.77","634.51M","-0.19"
"Jul 17, 2017","7,404.13","7,378.39","7,426.37","7,378.30","613.97M","0.35"
"Jul 14, 2017","7,378.39","7,413.44","7,419.81","7,363.77","852.44M","-0.47"
"Jul 13, 2017","7,413.44","7,416.93","7,428.24","7,403.75","970.71M","-0.05"
"Jul 12, 2017","7,416.93","7,329.76","7,439.08","7,329.76","821.52M","1.19"
"Jul 11, 2017","7,329.76","7,370.03","7,386.88","7,304.77","683.49M","-0.55"
"Jul 10, 2017","7,370.03","7,350.92","7,388.02","7,344.31","615.60M","0.26"
"Jul 07, 2017","7,350.92","7,337.28","7,359.48","7,314.69","690.33M","0.19"
"Jul 06, 2017","7,337.28","7,367.60","7,373.85","7,303.46","791.24M","-0.41"
"Jul 05, 2017","7,367.60","7,357.23","7,386.92","7,347.52","952.88M","0.14"
"Jul 04, 2017","7,357.23","7,377.09","7,383.45","7,336.75","600.30M","-0.27"
"Jul 03, 2017","7,377.09","7,312.72","7,386.11","7,312.26","726.60M","0.88"
"Jun 30, 2017","7,312.72","7,350.32","7,377.38","7,302.71","1.01B","-0.51"
"Jun 29, 2017","7,350.32","7,387.80","7,451.95","7,341.75","959.17M","-0.51"
"Jun 28, 2017","7,387.80","7,434.36","7,445.31","7,381.36","859.43M","-0.63"
"Jun 27, 2017","7,434.36","7,446.80","7,451.68","7,411.36","725.03M","-0.17"
"Jun 26, 2017","7,446.80","7,424.13","7,480.95","7,424.13","714.44M","0.31"
"Jun 23, 2017","7,424.13","7,439.29","7,441.79","7,396.75","627.79M","-0.20"
"Jun 22, 2017","7,439.29","7,447.79","7,448.48","7,398.83","813.13M","-0.11"
"Jun 21, 2017","7,447.79","7,472.71","7,477.17","7,417.45","869.74M","-0.33"
"Jun 20, 2017","7,472.71","7,523.81","7,561.07","7,472.71","1.04B","-0.68"
"Jun 19, 2017","7,523.81","7,463.54","7,537.84","7,463.54","568.21M","0.81"
"Jun 16, 2017","7,463.54","7,419.36","7,478.99","7,419.36","1.95B","0.60"
"Jun 15, 2017","7,419.36","7,474.40","7,474.51","7,377.86","1.01B","-0.74"
"Jun 14, 2017","7,474.40","7,500.44","7,545.07","7,474.40","972.22M","-0.35"
"Jun 13, 2017","7,500.44","7,511.87","7,540.05","7,491.86","782.43M","-0.15"
"Jun 12, 2017","7,511.87","7,527.33","7,540.53","7,483.61","712.64M","-0.21"
"Jun 09, 2017","7,527.33","7,449.98","7,545.12","7,449.73","1.11B","1.04"
"Jun 08, 2017","7,449.98","7,478.62","7,489.66","7,449.98","893.77M","-0.38"
"Jun 07, 2017","7,478.62","7,524.95","7,555.62","7,476.33","901.56M","-0.62"
"Jun 06, 2017","7,524.95","7,525.76","7,527.64","7,502.83","867.65M","-0.01"
"Jun 05, 2017","7,525.76","7,547.63","7,562.00","7,519.06","624.06M","-0.29"
"Jun 02, 2017","7,547.63","7,543.77","7,598.99","7,539.96","823.79M","0.05"
"Jun 01, 2017","7,543.77","7,519.95","7,558.63","7,518.32","884.73M","0.32"
"May 31, 2017","7,519.95","7,526.51","7,586.45","7,519.68","1.89B","-0.09"
"May 30, 2017","7,526.51","7,547.63","7,547.65","7,497.07","760.55M","-0.28"
"May 26, 2017","7,547.63","7,517.71","7,554.21","7,514.39","797.46M","0.40"
"May 25, 2017","7,517.71","7,514.90","7,529.74","7,497.07","638.44M","0.04"
"May 24, 2017","7,514.90","7,485.29","7,519.58","7,475.11","848.44M","0.40"
"May 23, 2017","7,485.29","7,496.34","7,521.94","7,485.29","699.94M","-0.15"
"May 22, 2017","7,496.34","7,470.71","7,518.12","7,470.71","691.51M","0.34"
"May 19, 2017","7,470.71","7,436.42","7,480.28","7,436.42","845.28M","0.46"
"May 18, 2017","7,436.42","7,503.47","7,503.68","7,389.26","1.01B","-0.89"
"May 17, 2017","7,503.47","7,522.03","7,532.95","7,478.88","1.02B","-0.25"
"May 16, 2017","7,522.03","7,454.37","7,533.70","7,452.44","1.04B","0.91"
"May 15, 2017","7,454.37","7,435.39","7,460.20","7,434.24","857.70M","0.26"
"May 12, 2017","7,435.39","7,386.63","7,435.39","7,381.74","879.09M","0.66"
"May 11, 2017","7,386.63","7,385.24","7,396.19","7,369.23","985.41M","0.02"
"May 10, 2017","7,385.24","7,342.21","7,398.58","7,331.30","848.26M","0.59"
"May 09, 2017","7,342.21","7,300.86","7,359.61","7,300.86","729.08M","0.57"
"May 08, 2017","7,300.86","7,297.43","7,322.32","7,285.76","738.84M","0.05"
"May 05, 2017","7,297.43","7,248.10","7,297.43","7,222.81","908.53M","0.68"
"May 04, 2017","7,248.10","7,234.53","7,280.70","7,226.07","947.13M","0.19"
"May 03, 2017","7,234.53","7,250.05","7,250.05","7,218.56","790.04M","-0.21"
"May 02, 2017","7,250.05","7,203.94","7,254.32","7,203.94","939.01M","0.64"
"Apr 28, 2017","7,203.94","7,237.17","7,243.31","7,197.28","1.18B","-0.46"
"Apr 27, 2017","7,237.17","7,288.72","7,289.38","7,224.35","1.13B","-0.71"
"Apr 26, 2017","7,288.72","7,275.64","7,302.57","7,262.32","887.07M","0.18"
"Apr 25, 2017","7,275.64","7,264.68","7,290.82","7,258.74","861.21M","0.15"
"Apr 24, 2017","7,264.68","7,114.55","7,273.90","7,114.55","1.06B","2.11"
"Apr 21, 2017","7,114.55","7,118.54","7,134.53","7,104.22","924.44M","-0.06"
"Apr 20, 2017","7,118.54","7,114.36","7,127.58","7,096.83","856.40M","0.06"
"Apr 19, 2017","7,114.36","7,147.50","7,151.18","7,114.36","1.05B","-0.46"
"Apr 18, 2017","7,147.50","7,327.59","7,327.59","7,147.50","1.07B","-2.46"
"Apr 13, 2017","7,327.59","7,348.99","7,348.99","7,298.85","738.07M","-0.29"
"Apr 12, 2017","7,348.99","7,365.50","7,402.42","7,348.84","915.89M","-0.22"
"Apr 11, 2017","7,365.50","7,348.94","7,406.35","7,332.59","820.61M","0.23"
"Apr 10, 2017","7,348.94","7,349.37","7,359.25","7,337.01","689.47M","-0.01"
"Apr 07, 2017","7,349.37","7,303.20","7,349.37","7,284.73","804.73M","0.63"
"Apr 06, 2017","7,303.20","7,331.68","7,331.68","7,258.11","912.35M","-0.39"
"Apr 05, 2017","7,331.68","7,321.82","7,362.59","7,321.82","772.84M","0.13"
"Apr 04, 2017","7,321.82","7,282.69","7,324.60","7,282.69","810.27M","0.54"
"Apr 03, 2017","7,282.69","7,322.92","7,350.30","7,280.76","769.00M","-0.55"
"Mar 31, 2017","7,322.92","7,369.52","7,369.55","7,322.92","986.61M","-0.63"
"Mar 30, 2017","7,369.52","7,373.72","7,384.80","7,340.25","784.50M","-0.06"
"Mar 29, 2017","7,373.72","7,343.42","7,373.72","7,313.90","803.45M","0.41"
"Mar 28, 2017","7,343.42","7,293.50","7,349.59","7,285.80","815.61M","0.68"
"Mar 27, 2017","7,293.50","7,336.82","7,336.82","7,255.78","802.85M","-0.59"
"Mar 24, 2017","7,336.82","7,340.71","7,351.60","7,322.86","652.71M","-0.05"
"Mar 23, 2017","7,340.71","7,324.72","7,346.40","7,307.65","807.60M","0.22"
"Mar 22, 2017","7,324.72","7,378.34","7,378.40","7,301.83","932.57M","-0.73"
"Mar 21, 2017","7,378.34","7,429.81","7,440.85","7,360.67","873.16M","-0.69"
"Mar 20, 2017","7,429.81","7,424.96","7,433.68","7,399.97","629.94M","0.07"
"Mar 17, 2017","7,424.96","7,415.95","7,447.00","7,402.64","1.56B","0.12"
"Mar 16, 2017","7,415.95","7,368.64","7,444.62","7,368.64","1.12B","0.64"
"Mar 15, 2017","7,368.64","7,357.85","7,383.33","7,357.58","845.71M","0.15"
"Mar 14, 2017","7,357.85","7,367.08","7,386.17","7,339.27","868.57M","-0.13"
"Mar 13, 2017","7,367.08","7,343.08","7,377.41","7,342.02","708.55M","0.33"
"Mar 10, 2017","7,343.08","7,314.96","7,373.00","7,314.96","948.17M","0.38"
"Mar 09, 2017","7,314.96","7,334.61","7,336.26","7,263.62","1.08B","-0.27"
"Mar 08, 2017","7,334.61","7,338.99","7,354.47","7,315.86","893.03M","-0.06"
"Mar 07, 2017","7,338.99","7,350.12","7,363.74","7,335.27","870.64M","-0.15"
"Mar 06, 2017","7,350.12","7,374.26","7,374.26","7,338.94","758.39M","-0.33"
"Mar 03, 2017","7,374.26","7,382.35","7,382.36","7,353.64","876.91M","-0.11"
"Mar 02, 2017","7,382.35","7,382.90","7,394.61","7,372.68","955.78M","-0.01"
"Mar 01, 2017","7,382.90","7,263.44","7,383.05","7,263.44","1.07B","1.64"
"Feb 28, 2017","7,263.44","7,253.00","7,284.20","7,246.60","1.01B","0.14"
"Feb 27, 2017","7,253.00","7,243.70","7,285.19","7,239.66","856.82M","0.13"
"Feb 24, 2017","7,243.70","7,271.37","7,271.86","7,192.45","881.80M","-0.38"
"Feb 23, 2017","7,271.37","7,302.25","7,310.05","7,262.94","1.10B","-0.42"
"Feb 22, 2017","7,302.25","7,274.83","7,314.26","7,274.71","1.18B","0.38"
"Feb 21, 2017","7,274.83","7,299.86","7,318.98","7,267.49","924.70M","-0.34"
"Feb 20, 2017","7,299.86","7,299.96","7,329.56","7,283.29","655.61M","-0.00"
"Feb 17, 2017","7,299.96","7,277.92","7,307.14","7,253.16","826.58M","0.30"
"Feb 16, 2017","7,277.92","7,302.41","7,302.41","7,260.74","705.21M","-0.34"
"Feb 15, 2017","7,302.41","7,268.56","7,313.44","7,268.56","738.32M","0.47"
"Feb 14, 2017","7,268.56","7,278.92","7,292.65","7,251.81","779.70M","-0.14"
"Feb 13, 2017","7,278.92","7,258.75","7,298.47","7,257.67","665.38M","0.28"
"Feb 10, 2017","7,258.75","7,229.50","7,274.80","7,229.45","902.73M","0.40"
"Feb 09, 2017","7,229.50","7,188.82","7,238.74","7,183.14","805.92M","0.57"
"Feb 08, 2017","7,188.82","7,186.22","7,195.94","7,147.18","963.91M","0.04"
"Feb 07, 2017","7,186.22","7,172.15","7,227.22","7,159.57","793.59M","0.20"
"Feb 06, 2017","7,172.15","7,188.30","7,208.73","7,165.17","633.43M","-0.22"
"Feb 03, 2017","7,188.30","7,140.75","7,202.37","7,133.63","810.15M","0.67"
"Feb 02, 2017","7,140.75","7,107.65","7,163.94","7,093.57","907.25M","0.47"
"Feb 01, 2017","7,107.65","7,099.15","7,170.24","7,099.15","809.59M","0.12"
"Jan 31, 2017","7,099.15","7,118.48","7,162.53","7,099.15","983.51M","-0.27"
"Jan 30, 2017","7,118.48","7,184.49","7,184.70","7,105.67","915.51M","-0.92"
"Jan 27, 2017","7,184.49","7,161.49","7,184.73","7,150.76","903.60M","0.32"
"Jan 26, 2017","7,161.49","7,164.43","7,184.75","7,151.34","933.67M","-0.04"
"Jan 25, 2017","7,164.43","7,150.34","7,205.68","7,150.34","1.02B","0.20"
"Jan 24, 2017","7,150.34","7,151.18","7,190.15","7,144.44","1.10B","-0.01"
"Jan 23, 2017","7,151.18","7,198.44","7,198.44","7,131.46","736.25M","-0.66"
"Jan 20, 2017","7,198.44","7,208.44","7,221.01","7,193.73","819.06M","-0.14"
"Jan 19, 2017","7,208.44","7,247.61","7,249.63","7,191.67","771.56M","-0.54"
"Jan 18, 2017","7,247.61","7,220.38","7,260.47","7,218.41","820.14M","0.38"
"Jan 17, 2017","7,220.38","7,327.13","7,329.27","7,220.38","879.28M","-1.46"
"Jan 16, 2017","7,327.13","7,337.81","7,354.14","7,320.47","633.74M","-0.15"
"Jan 13, 2017","7,337.81","7,292.37","7,338.49","7,292.37","836.37M","0.62"
"Jan 12, 2017","7,292.37","7,290.49","7,302.34","7,263.42","857.07M","0.03"
"Jan 11, 2017","7,290.49","7,275.47","7,328.51","7,257.15","905.71M","0.21"
"Jan 10, 2017","7,275.47","7,237.77","7,284.81","7,237.29","961.63M","0.52"
"Jan 09, 2017","7,237.77","7,210.05","7,243.76","7,207.40","725.81M","0.38"
"Jan 06, 2017","7,210.05","7,195.31","7,210.05","7,180.64","715.80M","0.20"
"Jan 05, 2017","7,195.31","7,189.74","7,211.96","7,172.77","792.50M","0.08"
"Jan 04, 2017","7,189.74","7,177.89","7,189.74","7,168.77","765.00M","0.17"
"Jan 03, 2017","7,177.89","7,142.83","7,205.45","7,142.83","820.16M","0.49"
"Dec 30, 2016","7,142.83","7,120.26","7,142.83","7,087.54","326.49M","0.32"
"Dec 29, 2016","7,120.26","7,106.08","7,120.26","7,074.47","395.48M","0.20"
"Dec 28, 2016","7,106.08","7,068.17","7,109.37","7,060.85","470.76M","0.54"
"Dec 23, 2016","7,068.17","7,063.68","7,071.11","7,054.64","191.92M","0.06"
"Dec 22, 2016","7,063.68","7,041.42","7,063.68","7,020.13","483.16M","0.32"
"Dec 21, 2016","7,041.42","7,043.96","7,056.98","7,025.68","618.99M","-0.04"
"Dec 20, 2016","7,043.96","7,017.16","7,045.22","6,992.62","744.31M","0.38"
"Dec 19, 2016","7,017.16","7,011.64","7,025.74","6,986.44","645.42M","0.08"
"Dec 16, 2016","7,011.64","6,999.01","7,038.43","6,990.35","1.15B","0.18"
"Dec 15, 2016","6,999.01","6,949.19","7,010.48","6,925.88","1.10B","0.72"
"Dec 14, 2016","6,949.19","6,968.57","6,970.52","6,941.95","1.00B","-0.28"
"Dec 13, 2016","6,968.57","6,890.42","6,977.99","6,877.52","930.15M","1.13"
"Dec 12, 2016","6,890.42","6,954.21","6,976.78","6,875.43","946.23M","-0.92"
"Dec 09, 2016","6,954.21","6,931.55","6,962.25","6,929.46","827.89M","0.33"
"Dec 08, 2016","6,931.55","6,902.23","6,937.51","6,892.17","1.05B","0.42"
"Dec 07, 2016","6,902.23","6,779.84","6,902.23","6,779.84","1.16B","1.81"
"Dec 06, 2016","6,779.84","6,746.83","6,785.32","6,723.05","871.54M","0.49"
"Dec 05, 2016","6,746.83","6,730.72","6,799.50","6,697.65","814.97M","0.24"
"Dec 02, 2016","6,730.72","6,752.93","6,752.93","6,678.74","708.45M","-0.33"
"Dec 01, 2016","6,752.93","6,783.79","6,789.30","6,688.41","966.72M","-0.45"
"Nov 30, 2016","6,783.79","6,772.00","6,845.74","6,765.23","1.33B","0.17"
"Nov 29, 2016","6,772.00","6,799.47","6,800.91","6,729.36","772.23M","-0.40"
"Nov 28, 2016","6,799.47","6,840.75","6,840.96","6,769.77","709.67M","-0.60"
"Nov 25, 2016","6,840.75","6,829.20","6,852.14","6,818.12","477.58M","0.17"
"Nov 24, 2016","6,829.20","6,817.71","6,831.23","6,790.69","491.42M","0.17"
"Nov 23, 2016","6,817.71","6,819.72","6,880.74","6,779.45","796.85M","-0.03"
"Nov 22, 2016","6,819.72","6,777.96","6,851.37","6,777.96","896.75M","0.62"
"Nov 21, 2016","6,777.96","6,775.77","6,820.90","6,754.16","781.74M","0.03"
"Nov 18, 2016","6,775.77","6,794.71","6,811.62","6,740.34","866.73M","-0.28"
"Nov 17, 2016","6,794.71","6,749.72","6,798.75","6,745.08","826.25M","0.67"
"Nov 16, 2016","6,749.72","6,792.74","6,810.53","6,735.69","877.28M","-0.63"
"Nov 15, 2016","6,792.74","6,753.18","6,820.52","6,753.18","1.16B","0.59"
"Nov 14, 2016","6,753.18","6,730.43","6,814.19","6,730.43","1.05B","0.34"
"Nov 11, 2016","6,730.43","6,827.98","6,849.04","6,709.72","1.11B","-1.43"
"Nov 10, 2016","6,827.98","6,911.84","6,997.25","6,799.05","1.74B","-1.21"
"Nov 09, 2016","6,911.84","6,843.13","6,911.84","6,696.33","1.36B","1.00"
"Nov 08, 2016","6,843.13","6,806.90","6,849.31","6,795.06","832.26M","0.53"
"Nov 07, 2016","6,806.90","6,693.26","6,806.90","6,693.26","862.19M","1.70"
"Nov 04, 2016","6,693.26","6,790.51","6,790.52","6,676.56","875.84M","-1.43"
"Nov 03, 2016","6,790.51","6,845.42","6,873.21","6,790.51","1.08B","-0.80"
"Nov 02, 2016","6,845.42","6,917.14","6,917.14","6,845.42","773.90M","-1.04"
"Nov 01, 2016","6,917.14","6,954.22","6,993.79","6,903.61","780.87M","-0.53"
"Oct 31, 2016","6,954.22","6,996.26","6,996.26","6,945.29","810.76M","-0.60"
"Oct 28, 2016","6,996.26","6,986.57","7,006.43","6,927.21","956.62M","0.14"
"Oct 27, 2016","6,986.57","6,958.09","7,003.93","6,924.05","961.78M","0.41"
"Oct 26, 2016","6,958.09","7,017.64","7,017.64","6,917.77","939.84M","-0.85"
"Oct 25, 2016","7,017.64","6,986.40","7,067.23","6,985.92","861.00M","0.45"
"Oct 24, 2016","6,986.40","7,020.47","7,067.34","6,983.40","677.60M","-0.49"
"Oct 21, 2016","7,020.47","7,026.90","7,058.39","7,011.09","757.85M","-0.09"
"Oct 20, 2016","7,026.90","7,021.92","7,047.55","6,998.84","843.64M","0.07"
"Oct 19, 2016","7,021.92","7,000.06","7,031.20","6,975.92","823.09M","0.31"
"Oct 18, 2016","7,000.06","6,947.55","7,033.02","6,946.39","795.84M","0.76"
"Oct 17, 2016","6,947.55","7,013.55","7,013.55","6,937.43","727.72M","-0.94"
"Oct 14, 2016","7,013.55","6,977.74","7,055.18","6,977.74","872.17M","0.51"
"Oct 13, 2016","6,977.74","7,024.01","7,024.01","6,930.04","1.04B","-0.66"
"Oct 12, 2016","7,024.01","7,070.88","7,079.42","7,015.76","937.94M","-0.66"
"Oct 11, 2016","7,070.88","7,097.50","7,129.83","7,061.36","983.13M","-0.38"
"Oct 10, 2016","7,097.50","7,044.39","7,104.49","7,024.08","874.92M","0.75"
"Oct 07, 2016","7,044.39","6,999.96","7,079.25","6,999.96","1.40B","0.63"
"Oct 06, 2016","6,999.96","7,033.25","7,049.34","6,999.96","821.63M","-0.47"
"Oct 05, 2016","7,033.25","7,074.34","7,076.71","7,024.13","970.16M","-0.58"
"Oct 04, 2016","7,074.34","6,983.52","7,121.93","6,983.52","1.45B","1.30"
"Oct 03, 2016","6,983.52","6,899.33","6,996.43","6,898.09","745.41M","1.22"
"Sep 30, 2016","6,899.33","6,919.42","6,919.42","6,809.51","1.18B","-0.29"
"Sep 29, 2016","6,919.42","6,849.38","6,941.09","6,849.38","859.07M","1.02"
"Sep 28, 2016","6,849.38","6,807.67","6,878.21","6,807.67","758.30M","0.61"
"Sep 27, 2016","6,807.67","6,818.04","6,865.45","6,768.86","847.95M","-0.15"
"Sep 26, 2016","6,818.04","6,909.43","6,909.63","6,806.47","795.94M","-1.32"
"Sep 23, 2016","6,909.43","6,911.40","6,920.23","6,882.62","760.91M","-0.03"
"Sep 22, 2016","6,911.40","6,834.77","6,937.33","6,834.77","756.01M","1.12"
"Sep 21, 2016","6,834.77","6,830.79","6,879.81","6,830.47","722.08M","0.06"
"Sep 20, 2016","6,830.79","6,813.55","6,869.10","6,798.02","715.57M","0.25"
"Sep 19, 2016","6,813.55","6,710.28","6,813.95","6,710.28","706.09M","1.54"
"Sep 16, 2016","6,710.28","6,730.30","6,746.29","6,692.73","1.39B","-0.30"
"Sep 15, 2016","6,730.30","6,673.31","6,736.84","6,654.82","770.12M","0.85"
"Sep 14, 2016","6,673.31","6,665.63","6,720.29","6,665.63","695.11M","0.12"
"Sep 13, 2016","6,665.63","6,700.90","6,724.74","6,665.63","864.67M","-0.53"
"Sep 12, 2016","6,700.90","6,776.95","6,776.95","6,654.48","887.97M","-1.12"
"Sep 09, 2016","6,776.95","6,858.70","6,862.38","6,762.30","792.45M","-1.19"
"Sep 08, 2016","6,858.70","6,846.58","6,889.64","6,819.82","807.43M","0.18"
"Sep 07, 2016","6,846.58","6,826.05","6,856.12","6,814.87","938.66M","0.30"
"Sep 06, 2016","6,826.05","6,879.42","6,887.92","6,818.96","687.09M","-0.78"
"Sep 05, 2016","6,879.42","6,894.60","6,910.66","6,867.08","556.66M","-0.22"
"Sep 02, 2016","6,894.60","6,745.97","6,928.25","6,745.97","1.18B","2.20"
"Sep 01, 2016","6,745.97","6,781.51","6,826.22","6,723.21","991.76M","-0.52"
"Aug 31, 2016","6,781.51","6,820.79","6,832.89","6,779.54","942.42M","-0.58"
"Aug 30, 2016","6,820.79","6,838.05","6,851.83","6,808.07","741.10M","-0.25"
"Aug 26, 2016","6,838.05","6,816.90","6,857.29","6,798.82","532.51M","0.31"
"Aug 25, 2016","6,816.90","6,835.78","6,836.22","6,779.15","657.67M","-0.28"
"Aug 24, 2016","6,835.78","6,868.51","6,868.51","6,825.22","748.05M","-0.48"
"Aug 23, 2016","6,868.51","6,828.54","6,885.39","6,828.54","722.22M","0.59"
"Aug 22, 2016","6,828.54","6,858.95","6,884.61","6,812.07","616.67M","-0.44"
"Aug 19, 2016","6,858.95","6,868.96","6,871.48","6,840.94","702.48M","-0.15"
"Aug 18, 2016","6,868.96","6,859.15","6,893.35","6,850.61","579.27M","0.14"
"Aug 17, 2016","6,859.15","6,893.92","6,920.76","6,849.90","716.29M","-0.50"
"Aug 16, 2016","6,893.92","6,941.19","6,941.19","6,893.92","643.22M","-0.68"
"Aug 15, 2016","6,941.19","6,916.02","6,955.34","6,907.17","551.50M","0.36"
"Aug 12, 2016","6,916.02","6,914.71","6,931.04","6,896.04","686.79M","0.02"
"Aug 11, 2016","6,914.71","6,866.42","6,914.71","6,812.73","758.10M","0.70"
"Aug 10, 2016","6,866.42","6,851.30","6,866.42","6,820.04","736.64M","0.22"
"Aug 09, 2016","6,851.30","6,809.13","6,863.10","6,807.76","869.31M","0.62"
"Aug 08, 2016","6,809.13","6,793.47","6,829.47","6,781.47","754.48M","0.23"
"Aug 05, 2016","6,793.47","6,740.16","6,802.41","6,738.57","880.80M","0.79"
"Aug 04, 2016","6,740.16","6,634.40","6,749.67","6,615.83","1.00B","1.59"
"Aug 03, 2016","6,634.40","6,645.40","6,673.63","6,621.42","797.08M","-0.17"
"Aug 02, 2016","6,645.40","6,693.95","6,694.14","6,630.76","822.03M","-0.73"
"Aug 01, 2016","6,693.95","6,724.43","6,769.41","6,678.45","727.71M","-0.45"
"Jul 29, 2016","6,724.43","6,721.06","6,740.47","6,691.13","921.70M","0.05"
"Jul 28, 2016","6,721.06","6,750.43","6,762.72","6,718.90","1.20B","-0.44"
"Jul 27, 2016","6,750.43","6,724.03","6,780.05","6,723.71","786.51M","0.39"
"Jul 26, 2016","6,724.03","6,710.13","6,744.80","6,708.58","737.76M","0.21"
"Jul 25, 2016","6,710.13","6,730.48","6,756.13","6,691.03","682.06M","-0.30"
"Jul 22, 2016","6,730.48","6,699.89","6,735.94","6,663.72","716.11M","0.46"
"Jul 21, 2016","6,699.89","6,728.99","6,732.07","6,694.52","809.67M","-0.43"
"Jul 20, 2016","6,728.99","6,697.37","6,736.57","6,694.36","767.73M","0.47"
"Jul 19, 2016","6,697.37","6,695.42","6,711.69","6,660.87","634.74M","0.03"
"Jul 18, 2016","6,695.42","6,669.24","6,715.58","6,653.67","878.07M","0.39"
"Jul 15, 2016","6,669.24","6,654.47","6,669.24","6,616.51","839.25M","0.22"
"Jul 14, 2016","6,654.47","6,670.40","6,743.42","6,648.40","924.14M","-0.24"
"Jul 13, 2016","6,670.40","6,680.69","6,717.17","6,654.64","1.06B","-0.15"
"Jul 12, 2016","6,680.69","6,682.86","6,703.09","6,663.66","1.17B","-0.03"
"Jul 11, 2016","6,682.86","6,590.64","6,695.07","6,590.64","968.34M","1.40"
"Jul 08, 2016","6,590.64","6,533.79","6,605.83","6,515.24","937.84M","0.87"
"Jul 07, 2016","6,533.79","6,463.59","6,579.25","6,463.59","1.05B","1.09"
"Jul 06, 2016","6,463.59","6,545.37","6,580.32","6,432.47","1.61B","-1.25"
"Jul 05, 2016","6,545.37","6,522.26","6,561.58","6,472.25","1.18B","0.35"
"Jul 04, 2016","6,522.26","6,577.83","6,612.13","6,514.81","748.24M","-0.84"
"Jul 01, 2016","6,577.83","6,504.33","6,587.44","6,498.56","1.10B","1.13"
"Jun 30, 2016","6,504.33","6,360.06","6,504.33","6,309.98","1.56B","2.27"
"Jun 29, 2016","6,360.06","6,140.39","6,360.06","6,140.39","1.50B","3.58"
"Jun 28, 2016","6,140.39","5,982.20","6,170.26","5,982.20","1.59B","2.64"
"Jun 27, 2016","5,982.20","6,138.69","6,138.69","5,958.66","2.51B","-2.55"
"Jun 24, 2016","6,138.69","6,338.10","6,338.55","5,788.74","3.88B","-3.15"
"Jun 23, 2016","6,338.10","6,261.19","6,380.58","6,261.19","915.16M","1.23"
"Jun 22, 2016","6,261.19","6,226.55","6,315.62","6,222.01","884.65M","0.56"
"Jun 21, 2016","6,226.55","6,204.00","6,250.19","6,156.23","842.01M","0.36"
"Jun 20, 2016","6,204.00","6,021.09","6,236.53","6,021.09","1.01B","3.04"
"Jun 17, 2016","6,021.09","5,950.48","6,046.10","5,950.48","1.31B","1.19"
"Jun 16, 2016","5,950.48","5,966.80","5,966.80","5,899.97","815.96M","-0.27"
"Jun 15, 2016","5,966.80","5,923.53","6,007.49","5,923.39","868.08M","0.73"
"Jun 14, 2016","5,923.53","6,044.97","6,044.97","5,921.72","983.53M","-2.01"
"Jun 13, 2016","6,044.97","6,115.76","6,115.76","6,044.97","852.84M","-1.16"
"Jun 10, 2016","6,115.76","6,231.89","6,231.89","6,097.24","748.34M","-1.86"
"Jun 09, 2016","6,231.89","6,301.52","6,301.73","6,229.07","668.49M","-1.10"
"Jun 08, 2016","6,301.52","6,284.53","6,304.51","6,263.80","663.11M","0.27"
"Jun 07, 2016","6,284.53","6,273.40","6,322.60","6,273.40","690.00M","0.18"
"Jun 06, 2016","6,273.40","6,209.63","6,301.56","6,209.63","732.58M","1.03"
"Jun 03, 2016","6,209.63","6,185.61","6,251.74","6,168.19","660.72M","0.39"
"Jun 02, 2016","6,185.61","6,191.93","6,220.27","6,173.05","892.21M","-0.10"
"Jun 01, 2016","6,191.93","6,230.79","6,233.18","6,151.90","887.24M","-0.62"
"May 31, 2016","6,230.79","6,270.79","6,290.07","6,230.11","1.33B","-0.64"
"May 27, 2016","6,270.79","6,265.65","6,275.90","6,250.27","577.10M","0.08"
"May 26, 2016","6,265.65","6,262.85","6,281.73","6,243.49","665.57M","0.04"
"May 25, 2016","6,262.85","6,219.26","6,270.25","6,219.26","870.44M","0.70"
"May 24, 2016","6,219.26","6,136.43","6,231.85","6,109.58","833.81M","1.35"
"May 23, 2016","6,136.43","6,156.32","6,173.06","6,122.57","653.01M","-0.32"
"May 20, 2016","6,156.32","6,053.35","6,156.50","6,053.35","780.58M","1.70"
"May 19, 2016","6,053.35","6,165.80","6,165.80","6,050.21","936.49M","-1.82"
"May 18, 2016","6,165.80","6,167.77","6,169.33","6,115.99","887.53M","-0.03"
"May 17, 2016","6,167.77","6,151.40","6,215.88","6,147.16","758.81M","0.27"
"May 16, 2016","6,151.40","6,138.50","6,157.24","6,092.21","445.33M","0.21"
"May 13, 2016","6,138.50","6,104.19","6,138.50","6,060.10","646.36M","0.56"
"May 12, 2016","6,104.19","6,162.49","6,193.21","6,094.14","698.76M","-0.95"
"May 11, 2016","6,162.49","6,156.65","6,172.72","6,131.22","573.06M","0.09"
"May 10, 2016","6,156.65","6,114.81","6,180.19","6,114.81","652.99M","0.68"
"May 09, 2016","6,114.81","6,125.70","6,177.60","6,108.37","669.49M","-0.18"
"May 06, 2016","6,125.70","6,117.25","6,129.90","6,054.74","720.35M","0.14"
"May 05, 2016","6,117.25","6,112.02","6,152.59","6,102.29","713.23M","0.09"
"May 04, 2016","6,112.02","6,185.59","6,185.59","6,100.76","775.56M","-1.19"
"May 03, 2016","6,185.59","6,241.89","6,270.03","6,159.86","895.10M","-0.90"
"Apr 29, 2016","6,241.89","6,322.40","6,322.40","6,241.89","865.55M","-1.27"
"Apr 28, 2016","6,322.40","6,319.91","6,322.40","6,224.47","861.76M","0.04"
"Apr 27, 2016","6,319.91","6,284.52","6,319.91","6,255.20","822.36M","0.56"
"Apr 26, 2016","6,284.52","6,260.92","6,297.88","6,260.92","776.83M","0.38"
"Apr 25, 2016","6,260.92","6,310.44","6,324.60","6,249.34","688.68M","-0.78"
"Apr 22, 2016","6,310.44","6,381.44","6,381.58","6,289.34","675.93M","-1.11"
"Apr 21, 2016","6,381.44","6,410.26","6,427.32","6,352.93","831.61M","-0.45"
"Apr 20, 2016","6,410.26","6,405.35","6,421.91","6,367.36","814.75M","0.08"
"Apr 19, 2016","6,405.35","6,353.52","6,418.25","6,353.49","808.48M","0.82"
"Apr 18, 2016","6,353.52","6,343.75","6,354.88","6,261.71","613.39M","0.15"
"Apr 15, 2016","6,343.75","6,365.10","6,372.52","6,328.19","780.84M","-0.34"
"Apr 14, 2016","6,365.10","6,362.89","6,373.93","6,335.40","853.11M","0.03"
"Apr 13, 2016","6,362.89","6,242.39","6,362.89","6,242.39","957.14M","1.93"
"Apr 12, 2016","6,242.39","6,200.12","6,248.27","6,176.28","690.14M","0.68"
"Apr 11, 2016","6,200.12","6,204.41","6,229.66","6,165.46","552.59M","-0.07"
"Apr 08, 2016","6,204.41","6,136.89","6,216.28","6,136.89","622.13M","1.10"
"Apr 07, 2016","6,136.89","6,161.63","6,204.11","6,119.38","761.73M","-0.40"
"Apr 06, 2016","6,161.63","6,091.23","6,161.63","6,091.23","738.66M","1.16"
"Apr 05, 2016","6,091.23","6,164.72","6,164.74","6,061.85","826.02M","-1.19"
"Apr 04, 2016","6,164.72","6,146.05","6,201.95","6,132.90","546.68M","0.30"
"Apr 01, 2016","6,146.05","6,174.90","6,174.90","6,076.89","747.48M","-0.47"
"Mar 31, 2016","6,174.90","6,203.17","6,203.39","6,149.82","746.40M","-0.46"
"Mar 30, 2016","6,203.17","6,105.90","6,221.80","6,105.90","803.81M","1.59"
"Mar 29, 2016","6,105.90","6,106.48","6,156.67","6,070.77","596.33M","-0.01"
"Mar 24, 2016","6,106.48","6,199.11","6,199.11","6,090.03","625.28M","-1.49"
"Mar 23, 2016","6,199.11","6,192.74","6,216.76","6,171.13","621.50M","0.10"
"Mar 22, 2016","6,192.74","6,184.58","6,193.47","6,110.39","738.98M","0.13"
"Mar 21, 2016","6,184.58","6,189.64","6,215.30","6,154.12","532.07M","-0.08"
"Mar 18, 2016","6,189.64","6,201.12","6,237.02","6,186.24","1.13B","-0.19"
"Mar 17, 2016","6,201.12","6,175.49","6,220.02","6,125.70","832.61M","0.42"
"Mar 16, 2016","6,175.49","6,139.97","6,186.18","6,134.27","700.76M","0.58"
"Mar 15, 2016","6,139.97","6,174.57","6,174.57","6,114.77","700.31M","-0.56"
"Mar 14, 2016","6,174.57","6,139.79","6,197.83","6,139.79","688.59M","0.57"
"Mar 11, 2016","6,139.79","6,036.70","6,150.88","6,036.70","721.70M","1.71"
"Mar 10, 2016","6,036.70","6,146.32","6,203.40","6,036.70","1.06B","-1.78"
"Mar 09, 2016","6,146.32","6,125.44","6,174.82","6,118.23","758.33M","0.34"
"Mar 08, 2016","6,125.44","6,182.40","6,182.45","6,101.89","913.52M","-0.92"
"Mar 07, 2016","6,182.40","6,199.43","6,216.10","6,125.64","817.96M","-0.27"
"Mar 04, 2016","6,199.43","6,130.46","6,204.14","6,130.46","866.05M","1.13"
"Mar 03, 2016","6,130.46","6,147.06","6,173.70","6,108.35","902.84M","-0.27"
"Mar 02, 2016","6,147.06","6,152.88","6,194.01","6,097.77","904.55M","-0.09"
"Mar 01, 2016","6,152.88","6,097.09","6,153.75","6,070.51","933.63M","0.92"
"Feb 29, 2016","6,097.09","6,096.01","6,104.98","6,033.21","941.71M","0.02"
"Feb 26, 2016","6,096.01","6,012.81","6,115.37","6,012.81","858.94M","1.38"
"Feb 25, 2016","6,012.81","5,867.18","6,028.97","5,867.18","999.96M","2.48"
"Feb 24, 2016","5,867.18","5,962.31","5,966.73","5,845.55","834.68M","-1.60"
"Feb 23, 2016","5,962.31","6,037.73","6,037.73","5,954.18","747.39M","-1.25"
"Feb 22, 2016","6,037.73","5,950.23","6,065.81","5,950.23","822.11M","1.47"
"Feb 19, 2016","5,950.23","5,971.95","6,001.22","5,916.26","692.90M","-0.36"
"Feb 18, 2016","5,971.95","6,030.32","6,036.46","5,948.25","809.87M","-0.97"
"Feb 17, 2016","6,030.32","5,862.17","6,030.32","5,862.17","948.75M","2.87"
"Feb 16, 2016","5,862.17","5,824.28","5,880.72","5,812.49","771.10M","0.65"
"Feb 15, 2016","5,824.28","5,707.60","5,844.53","5,707.60","724.66M","2.04"
"Feb 12, 2016","5,707.60","5,536.97","5,707.60","5,536.97","1.08B","3.08"
"Feb 11, 2016","5,536.97","5,672.30","5,672.30","5,499.51","1.07B","-2.39"
"Feb 10, 2016","5,672.30","5,632.19","5,712.78","5,616.88","994.63M","0.71"
"Feb 09, 2016","5,632.19","5,689.36","5,739.25","5,596.26","1.15B","-1.00"
"Feb 08, 2016","5,689.36","5,848.06","5,882.43","5,666.13","995.84M","-2.71"
"Feb 05, 2016","5,848.06","5,898.76","5,945.90","5,839.36","983.67M","-0.86"
"Feb 04, 2016","5,898.76","5,837.14","5,938.12","5,831.12","1.05B","1.06"
"Feb 03, 2016","5,837.14","5,922.01","5,924.58","5,791.04","1.03B","-1.43"
"Feb 02, 2016","5,922.01","6,060.10","6,060.45","5,889.60","1.02B","-2.28"
"Feb 01, 2016","6,060.10","6,083.79","6,115.11","5,993.84","833.65M","-0.39"
"Jan 29, 2016","6,083.79","5,931.78","6,083.79","5,931.78","1.02B","2.56"
"Jan 28, 2016","5,931.78","5,990.37","6,020.54","5,889.37","918.48M","-0.98"
"Jan 27, 2016","5,990.37","5,911.46","5,990.37","5,870.75","902.09M","1.33"
"Jan 26, 2016","5,911.46","5,877.00","5,919.17","5,771.37","878.66M","0.59"
"Jan 25, 2016","5,877.00","5,900.01","5,933.47","5,851.83","828.64M","-0.39"
"Jan 22, 2016","5,900.01","5,773.79","5,926.94","5,773.79","906.98M","2.19"
"Jan 21, 2016","5,773.79","5,673.58","5,781.24","5,659.15","1.12B","1.77"
"Jan 20, 2016","5,673.58","5,876.80","5,876.80","5,639.88","1.07B","-3.46"
"Jan 19, 2016","5,876.80","5,779.92","5,915.69","5,779.92","833.71M","1.68"
"Jan 18, 2016","5,779.92","5,804.10","5,852.09","5,766.50","741.11M","-0.42"
"Jan 15, 2016","5,804.10","5,918.23","5,934.62","5,769.23","1.12B","-1.93"
"Jan 14, 2016","5,918.23","5,960.97","5,960.97","5,829.26","1.10B","-0.72"
"Jan 13, 2016","5,960.97","5,929.24","6,011.13","5,929.24","834.54M","0.54"
"Jan 12, 2016","5,929.24","5,871.83","5,985.80","5,866.67","831.69M","0.98"
"Jan 11, 2016","5,871.83","5,912.44","5,941.93","5,871.83","841.79M","-0.69"
"Jan 08, 2016","5,912.44","5,954.08","6,013.38","5,912.44","835.01M","-0.70"
"Jan 07, 2016","5,954.08","6,073.38","6,073.38","5,887.97","1.09B","-1.96"
"Jan 06, 2016","6,073.38","6,137.24","6,137.24","6,018.65","721.61M","-1.04"
"Jan 05, 2016","6,137.24","6,093.43","6,166.26","6,079.23","643.37M","0.72"
"Jan 04, 2016","6,093.43","6,242.32","6,242.32","6,071.01","707.34M","-2.39"
"Dec 31, 2015","6,242.32","6,274.05","6,278.31","6,233.03","166.42M","-0.51"
"Dec 30, 2015","6,274.05","6,314.57","6,314.57","6,261.48","337.96M","-0.64"
"Dec 29, 2015","6,314.57","6,254.64","6,314.57","6,245.24","462.31M","0.96"
"Dec 24, 2015","6,254.64","6,240.98","6,259.86","6,236.85","112.22M","0.22"
"Dec 23, 2015","6,240.98","6,083.10","6,248.50","6,083.10","596.53M","2.60"
"Dec 22, 2015","6,083.10","6,034.84","6,090.58","6,031.82","437.45M","0.80"
"Dec 21, 2015","6,034.84","6,052.42","6,113.96","6,034.84","561.86M","-0.29"
"Dec 18, 2015","6,052.42","6,102.54","6,105.57","6,051.74","1.27B","-0.82"
"Dec 17, 2015","6,102.54","6,061.19","6,160.78","6,061.19","747.55M","0.68"
"Dec 16, 2015","6,061.19","6,017.79","6,089.31","6,016.25","773.63M","0.72"
"Dec 15, 2015","6,017.79","5,874.06","6,036.68","5,874.06","836.32M","2.45"
"Dec 14, 2015","5,874.06","5,952.78","6,009.92","5,871.88","805.17M","-1.32"
"Dec 11, 2015","5,952.78","6,088.05","6,088.05","5,949.84","830.91M","-2.22"
"Dec 10, 2015","6,088.05","6,126.68","6,127.09","6,079.96","864.01M","-0.63"
"Dec 09, 2015","6,126.68","6,135.22","6,175.75","6,101.22","775.11M","-0.14"
"Dec 08, 2015","6,135.22","6,223.52","6,224.86","6,120.68","814.51M","-1.42"
"Dec 07, 2015","6,223.52","6,238.29","6,287.23","6,215.17","559.03M","-0.24"
"Dec 04, 2015","6,238.29","6,275.00","6,277.59","6,219.50","683.05M","-0.59"
"Dec 03, 2015","6,275.00","6,420.93","6,444.72","6,275.00","817.89M","-2.27"
"Dec 02, 2015","6,420.93","6,395.65","6,447.34","6,395.20","583.61M","0.40"
"Dec 01, 2015","6,395.65","6,356.09","6,402.36","6,356.09","809.01M","0.62"
"Nov 30, 2015","6,356.09","6,375.15","6,387.11","6,329.92","855.38M","-0.30"
"Nov 27, 2015","6,375.15","6,393.13","6,393.13","6,345.30","486.35M","-0.28"
"Nov 26, 2015","6,393.13","6,337.64","6,395.33","6,333.92","467.83M","0.88"
"Nov 25, 2015","6,337.64","6,277.23","6,348.05","6,277.23","694.08M","0.96"
"Nov 24, 2015","6,277.23","6,305.49","6,305.49","6,221.33","880.47M","-0.45"
"Nov 23, 2015","6,305.49","6,334.63","6,334.63","6,267.05","603.42M","-0.46"
"Nov 20, 2015","6,334.63","6,329.93","6,360.73","6,311.76","832.32M","0.07"
"Nov 19, 2015","6,329.93","6,278.97","6,366.85","6,278.97","772.70M","0.81"
"Nov 18, 2015","6,278.97","6,268.76","6,283.90","6,228.15","634.12M","0.16"
"Nov 17, 2015","6,268.76","6,146.38","6,269.44","6,146.38","719.06M","1.99"
"Nov 16, 2015","6,146.38","6,118.28","6,161.90","6,079.79","621.59M","0.46"
"Nov 13, 2015","6,118.28","6,178.68","6,178.95","6,088.76","702.65M","-0.98"
"Nov 12, 2015","6,178.68","6,297.20","6,300.90","6,178.68","852.48M","-1.88"
"Nov 11, 2015","6,297.20","6,275.28","6,327.16","6,272.69","636.99M","0.35"
"Nov 10, 2015","6,275.28","6,295.16","6,329.69","6,250.31","748.09M","-0.32"
"Nov 09, 2015","6,295.16","6,353.83","6,380.42","6,292.05","678.63M","-0.92"
"Nov 06, 2015","6,353.83","6,364.90","6,395.19","6,332.73","733.58M","-0.17"
"Nov 05, 2015","6,364.90","6,412.88","6,421.81","6,358.12","722.04M","-0.75"
"Nov 04, 2015","6,412.88","6,383.61","6,459.46","6,383.04","782.76M","0.46"
"Nov 03, 2015","6,383.61","6,361.80","6,383.61","6,344.70","627.80M","0.34"
"Nov 02, 2015","6,361.80","6,361.09","6,364.42","6,317.29","522.27M","0.01"
"Oct 30, 2015","6,361.09","6,395.80","6,410.28","6,337.65","738.50M","-0.54"
"Oct 29, 2015","6,395.80","6,437.80","6,437.85","6,358.16","852.19M","-0.65"
"Oct 28, 2015","6,437.80","6,365.27","6,448.46","6,355.78","819.72M","1.14"
"Oct 27, 2015","6,365.27","6,417.02","6,419.62","6,365.27","564.36M","-0.81"
"Oct 26, 2015","6,417.02","6,444.08","6,453.00","6,405.38","454.68M","-0.42"
"Oct 23, 2015","6,444.08","6,376.28","6,487.89","6,376.28","749.54M","1.06"
"Oct 22, 2015","6,376.28","6,348.42","6,387.28","6,321.65","740.62M","0.44"
"Oct 21, 2015","6,348.42","6,345.13","6,387.29","6,316.30","615.20M","0.05"
"Oct 20, 2015","6,345.13","6,352.33","6,367.75","6,319.25","592.20M","-0.11"
"Oct 19, 2015","6,352.33","6,378.04","6,408.09","6,336.27","476.84M","-0.40"
"Oct 16, 2015","6,378.04","6,338.67","6,398.23","6,338.67","610.63M","0.62"
"Oct 15, 2015","6,338.67","6,269.61","6,351.43","6,269.61","644.98M","1.10"
"Oct 14, 2015","6,269.61","6,342.28","6,342.28","6,268.29","638.45M","-1.15"
"Oct 13, 2015","6,342.28","6,371.18","6,371.18","6,303.02","722.57M","-0.45"
"Oct 12, 2015","6,371.18","6,416.16","6,416.16","6,351.34","552.28M","-0.70"
"Oct 09, 2015","6,416.16","6,374.82","6,453.22","6,374.82","768.20M","0.65"
"Oct 08, 2015","6,374.82","6,336.35","6,380.30","6,303.46","742.31M","0.61"
"Oct 07, 2015","6,336.35","6,326.16","6,396.34","6,319.77","1.02B","0.16"
"Oct 06, 2015","6,326.16","6,298.92","6,343.71","6,255.10","737.90M","0.43"
"Oct 05, 2015","6,298.92","6,129.98","6,301.05","6,129.98","890.10M","2.76"
"Oct 02, 2015","6,129.98","6,072.47","6,176.20","6,051.62","888.46M","0.95"
"Oct 01, 2015","6,072.47","6,061.61","6,172.78","6,053.26","873.58M","0.18"
"Sep 30, 2015","6,061.61","5,909.24","6,061.61","5,909.24","1.05B","2.58"
"Sep 29, 2015","5,909.24","5,958.86","5,958.86","5,877.08","1.03B","-0.83"
"Sep 28, 2015","5,958.86","6,109.01","6,110.31","5,958.86","997.74M","-2.46"
"Sep 25, 2015","6,109.01","5,961.49","6,120.67","5,961.49","863.42M","2.47"
"Sep 24, 2015","5,961.49","6,032.24","6,055.64","5,947.19","894.32M","-1.17"
"Sep 23, 2015","6,032.24","5,935.84","6,067.56","5,933.23","748.15M","1.62"
"Sep 22, 2015","5,935.84","6,108.71","6,111.57","5,935.84","970.78M","-2.83"
"Sep 21, 2015","6,108.71","6,104.11","6,168.74","6,083.64","719.11M","0.08"
"Sep 18, 2015","6,104.11","6,186.99","6,188.74","6,053.87","1.55B","-1.34"
"Sep 17, 2015","6,186.99","6,229.21","6,239.86","6,182.63","861.35M","-0.68"
"Sep 16, 2015","6,229.21","6,137.60","6,244.94","6,137.60","844.32M","1.49"
"Sep 15, 2015","6,137.60","6,084.59","6,158.08","6,019.92","728.37M","0.87"
"Sep 14, 2015","6,084.59","6,117.76","6,191.82","6,065.43","617.18M","-0.54"
"Sep 11, 2015","6,117.76","6,155.81","6,174.28","6,113.10","584.62M","-0.62"
"Sep 10, 2015","6,155.81","6,229.01","6,229.01","6,127.52","772.72M","-1.18"
"Sep 09, 2015","6,229.01","6,146.10","6,284.17","6,146.10","756.98M","1.35"
"Sep 08, 2015","6,146.10","6,074.52","6,196.47","6,074.52","685.13M","1.18"
"Sep 07, 2015","6,074.52","6,042.92","6,125.67","6,042.92","479.13M","0.52"
"Sep 04, 2015","6,042.92","6,194.10","6,194.10","6,040.49","766.16M","-2.44"
"Sep 03, 2015","6,194.10","6,083.31","6,215.74","6,083.31","758.47M","1.82"
"Sep 02, 2015","6,083.31","6,058.54","6,161.68","6,021.36","791.46M","0.41"
"Sep 01, 2015","6,058.54","6,247.94","6,247.94","6,028.71","1.03B","-3.03"
"Aug 28, 2015","6,247.94","6,192.03","6,247.94","6,152.01","895.70M","0.90"
"Aug 27, 2015","6,192.03","5,979.20","6,212.48","5,979.20","1.06B","3.56"
"Aug 26, 2015","5,979.20","6,081.34","6,095.05","5,949.94","1.02B","-1.68"
"Aug 25, 2015","6,081.34","5,898.87","6,115.74","5,898.87","1.38B","3.09"
"Aug 24, 2015","5,898.87","6,187.65","6,187.65","5,768.22","1.71B","-4.67"
"Aug 21, 2015","6,187.65","6,367.89","6,367.89","6,187.65","832.21M","-2.83"
"Aug 20, 2015","6,367.89","6,403.45","6,408.61","6,359.71","750.76M","-0.56"
"Aug 19, 2015","6,403.45","6,526.29","6,526.52","6,403.45","721.08M","-1.88"
"Aug 18, 2015","6,526.29","6,550.30","6,564.55","6,505.69","555.00M","-0.37"
"Aug 17, 2015","6,550.30","6,550.74","6,585.88","6,507.76","485.85M","-0.01"
"Aug 14, 2015","6,550.74","6,568.33","6,603.17","6,544.42","595.48M","-0.27"
"Aug 13, 2015","6,568.33","6,571.19","6,634.71","6,553.45","689.59M","-0.04"
"Aug 12, 2015","6,571.19","6,664.54","6,664.54","6,536.41","1.12B","-1.40"
"Aug 11, 2015","6,664.54","6,736.22","6,736.22","6,663.98","727.57M","-1.06"
"Aug 10, 2015","6,736.22","6,718.49","6,751.49","6,653.65","789.15M","0.26"
"Aug 07, 2015","6,718.49","6,747.09","6,754.77","6,718.49","614.01M","-0.42"
"Aug 06, 2015","6,747.09","6,752.41","6,763.34","6,717.49","713.00M","-0.08"
"Aug 05, 2015","6,752.41","6,686.57","6,764.82","6,686.57","873.48M","0.98"
"Aug 04, 2015","6,686.57","6,688.62","6,715.51","6,644.65","1.44B","-0.03"
"Aug 03, 2015","6,688.62","6,696.28","6,710.79","6,668.18","700.91M","-0.11"
"Jul 31, 2015","6,696.28","6,668.87","6,705.42","6,646.26","958.42M","0.41"
"Jul 30, 2015","6,668.87","6,631.00","6,697.40","6,631.00","802.15M","0.57"
"Jul 29, 2015","6,631.00","6,555.28","6,634.04","6,555.28","845.40M","1.16"
"Jul 28, 2015","6,555.28","6,505.13","6,569.45","6,505.13","730.87M","0.77"
"Jul 27, 2015","6,505.13","6,579.81","6,589.48","6,495.67","686.74M","-1.13"
"Jul 24, 2015","6,579.81","6,655.01","6,684.81","6,573.96","664.74M","-1.13"
"Jul 23, 2015","6,655.01","6,667.34","6,711.49","6,644.85","651.24M","-0.18"
"Jul 22, 2015","6,667.34","6,769.07","6,769.07","6,653.39","714.92M","-1.50"
"Jul 21, 2015","6,769.07","6,788.69","6,800.13","6,758.75","573.51M","-0.29"
"Jul 20, 2015","6,788.69","6,775.08","6,813.41","6,772.09","431.75M","0.20"
"Jul 17, 2015","6,775.08","6,796.45","6,799.78","6,764.80","602.28M","-0.31"
"Jul 16, 2015","6,796.45","6,753.75","6,805.14","6,752.09","605.23M","0.63"
"Jul 15, 2015","6,753.75","6,753.75","6,775.91","6,728.49","566.43M","0.00"
"Jul 14, 2015","6,753.75","6,737.95","6,753.75","6,710.62","595.32M","0.23"
"Jul 13, 2015","6,737.95","6,673.38","6,743.05","6,673.38","661.87M","0.97"
"Jul 10, 2015","6,673.38","6,581.63","6,687.57","6,581.63","720.75M","1.39"
"Jul 09, 2015","6,581.63","6,490.70","6,594.18","6,490.70","788.63M","1.40"
"Jul 08, 2015","6,490.70","6,432.21","6,515.06","6,430.36","941.35M","0.91"
"Jul 07, 2015","6,432.21","6,535.68","6,543.80","6,432.21","789.93M","-1.58"
"Jul 06, 2015","6,535.68","6,585.78","6,585.78","6,506.71","629.53M","-0.76"
"Jul 03, 2015","6,585.78","6,630.47","6,630.75","6,572.46","462.88M","-0.67"
"Jul 02, 2015","6,630.47","6,608.59","6,647.70","6,600.37","608.68M","0.33"
"Jul 01, 2015","6,608.59","6,520.98","6,637.34","6,520.98","814.01M","1.34"
"Jun 30, 2015","6,520.98","6,620.48","6,620.75","6,520.98","909.53M","-1.50"
"Jun 29, 2015","6,620.48","6,753.70","6,753.70","6,598.64","786.02M","-1.97"
"Jun 26, 2015","6,753.70","6,807.82","6,807.82","6,731.13","613.76M","-0.79"
"Jun 25, 2015","6,807.82","6,844.80","6,869.04","6,798.80","675.60M","-0.54"
"Jun 24, 2015","6,844.80","6,834.87","6,873.43","6,834.32","688.93M","0.15"
"Jun 23, 2015","6,834.87","6,825.67","6,856.49","6,825.67","598.08M","0.13"
"Jun 22, 2015","6,825.67","6,710.45","6,825.67","6,710.45","772.66M","1.72"
"Jun 19, 2015","6,710.45","6,707.88","6,759.29","6,691.82","1.27B","0.04"
"Jun 18, 2015","6,707.88","6,680.55","6,707.88","6,625.16","797.21M","0.41"
"Jun 17, 2015","6,680.55","6,710.10","6,731.54","6,665.95","706.47M","-0.44"
"Jun 16, 2015","6,710.10","6,710.52","6,723.49","6,656.90","740.51M","-0.01"
"Jun 15, 2015","6,710.52","6,784.92","6,784.92","6,708.50","574.23M","-1.10"
"Jun 12, 2015","6,784.92","6,846.74","6,846.74","6,760.06","610.75M","-0.90"
"Jun 11, 2015","6,846.74","6,830.27","6,870.19","6,807.29","699.56M","0.24"
"Jun 10, 2015","6,830.27","6,753.80","6,843.57","6,734.15","843.90M","1.13"
"Jun 09, 2015","6,753.80","6,790.04","6,803.75","6,736.88","702.83M","-0.53"
"Jun 08, 2015","6,790.04","6,804.60","6,827.16","6,781.66","555.75M","-0.21"
"Jun 05, 2015","6,804.60","6,859.24","6,859.24","6,785.15","777.84M","-0.80"
"Jun 04, 2015","6,859.24","6,950.46","6,950.46","6,838.95","807.84M","-1.31"
"Jun 03, 2015","6,950.46","6,928.27","6,985.69","6,901.79","722.28M","0.32"
"Jun 02, 2015","6,928.27","6,953.58","6,972.25","6,872.12","891.35M","-0.36"
"Jun 01, 2015","6,953.58","6,984.43","7,037.58","6,942.66","715.73M","-0.44"
"May 29, 2015","6,984.43","7,040.92","7,069.93","6,967.92","1.21B","-0.80"
"May 28, 2015","7,040.92","7,033.33","7,049.62","7,005.88","625.45M","0.11"
"May 27, 2015","7,033.33","6,948.99","7,054.14","6,948.62","668.80M","1.21"
"May 26, 2015","6,948.99","7,031.72","7,039.55","6,930.28","692.15M","-1.18"
"May 22, 2015","7,031.72","7,013.47","7,061.66","7,013.47","641.04M","0.26"
"May 21, 2015","7,013.47","7,007.26","7,026.01","6,994.26","582.84M","0.09"
"May 20, 2015","7,007.26","6,995.10","7,018.70","6,962.06","850.67M","0.17"
"May 19, 2015","6,995.10","6,968.87","7,011.35","6,968.87","801.43M","0.38"
"May 18, 2015","6,968.87","6,960.49","7,015.49","6,931.64","633.21M","0.12"
"May 15, 2015","6,960.49","6,973.04","7,009.41","6,937.12","723.61M","-0.18"
"May 14, 2015","6,973.04","6,949.63","6,977.93","6,884.63","622.17M","0.34"
"May 13, 2015","6,949.63","6,933.80","6,989.91","6,920.65","820.35M","0.23"
"May 12, 2015","6,933.80","7,029.85","7,029.85","6,887.52","865.97M","-1.37"
"May 11, 2015","7,029.85","7,046.82","7,083.72","7,025.17","816.71M","-0.24"
"May 08, 2015","7,046.82","6,886.95","7,046.82","6,885.79","1.43B","2.32"
"May 07, 2015","6,886.95","6,933.74","6,933.74","6,810.05","973.56M","-0.67"
"May 06, 2015","6,933.74","6,927.58","6,974.82","6,913.46","910.98M","0.09"
"May 05, 2015","6,927.58","6,985.95","7,053.18","6,927.58","1.05B","-0.84"
"May 01, 2015","6,985.95","6,960.63","6,995.41","6,919.39","863.40M","0.36"
"Apr 30, 2015","6,960.63","6,946.28","6,970.34","6,906.24","934.30M","0.21"
"Apr 29, 2015","6,946.28","7,030.53","7,058.19","6,945.56","791.05M","-1.20"
"Apr 28, 2015","7,030.53","7,103.98","7,103.99","6,983.97","821.00M","-1.03"
"Apr 27, 2015","7,103.98","7,070.70","7,122.74","7,025.27","700.79M","0.47"
"Apr 24, 2015","7,070.70","7,053.67","7,102.59","7,051.17","821.32M","0.24"
"Apr 23, 2015","7,053.67","7,028.24","7,055.15","6,995.79","736.40M","0.36"
"Apr 22, 2015","7,028.24","7,062.93","7,092.34","6,997.15","809.07M","-0.49"
"Apr 21, 2015","7,062.93","7,052.13","7,105.13","7,030.00","676.07M","0.15"
"Apr 20, 2015","7,052.13","6,994.63","7,067.84","6,994.63","601.95M","0.82"
"Apr 17, 2015","6,994.63","7,060.45","7,093.52","6,979.32","800.54M","-0.93"
"Apr 16, 2015","7,060.45","7,096.78","7,119.35","7,057.74","773.86M","-0.51"
"Apr 15, 2015","7,096.78","7,075.26","7,111.72","7,058.34","744.94M","0.30"
"Apr 14, 2015","7,075.26","7,064.30","7,086.06","7,044.60","690.65M","0.16"
"Apr 13, 2015","7,064.30","7,089.77","7,089.84","7,046.68","610.97M","-0.36"
"Apr 10, 2015","7,089.77","7,015.36","7,095.36","7,015.36","826.73M","1.06"
"Apr 09, 2015","7,015.36","6,937.41","7,016.99","6,937.41","720.21M","1.12"
"Apr 08, 2015","6,937.41","6,961.77","7,012.06","6,931.59","892.29M","-0.35"
"Apr 07, 2015","6,961.77","6,833.46","6,967.69","6,833.46","725.88M","1.88"
"Apr 02, 2015","6,833.46","6,809.50","6,849.91","6,801.27","593.71M","0.35"
"Apr 01, 2015","6,809.50","6,773.04","6,856.43","6,765.40","809.44M","0.54"
"Mar 31, 2015","6,773.04","6,891.43","6,910.07","6,765.05","928.18M","-1.72"
"Mar 30, 2015","6,891.43","6,855.02","6,914.60","6,855.02","659.07M","0.53"
"Mar 27, 2015","6,855.02","6,895.33","6,910.55","6,839.88","759.28M","-0.58"
"Mar 26, 2015","6,895.33","6,990.97","6,990.97","6,876.84","965.48M","-1.37"
"Mar 25, 2015","6,990.97","7,019.68","7,035.11","6,983.94","665.75M","-0.41"
"Mar 24, 2015","7,019.68","7,037.67","7,065.08","7,012.51","722.19M","-0.26"
"Mar 23, 2015","7,037.67","7,022.51","7,037.67","6,991.43","694.42M","0.22"
"Mar 20, 2015","7,022.51","6,962.32","7,024.21","6,960.81","1.46B","0.86"
"Mar 19, 2015","6,962.32","6,945.20","6,982.79","6,929.73","834.20M","0.25"
"Mar 18, 2015","6,945.20","6,837.61","6,945.20","6,837.26","796.53M","1.57"
"Mar 17, 2015","6,837.61","6,804.08","6,846.90","6,798.47","780.79M","0.49"
"Mar 16, 2015","6,804.08","6,740.58","6,809.08","6,740.58","706.94M","0.94"
"Mar 13, 2015","6,740.58","6,761.07","6,777.77","6,713.50","732.04M","-0.30"
"Mar 12, 2015","6,761.07","6,721.51","6,799.84","6,721.51","872.09M","0.59"
"Mar 11, 2015","6,721.51","6,702.84","6,738.95","6,693.80","769.93M","0.28"
"Mar 10, 2015","6,702.84","6,876.47","6,876.86","6,702.84","914.71M","-2.52"
"Mar 09, 2015","6,876.47","6,911.80","6,911.80","6,859.81","691.32M","-0.51"
"Mar 06, 2015","6,911.80","6,961.14","6,961.23","6,911.80","771.79M","-0.71"
"Mar 05, 2015","6,961.14","6,919.24","6,968.64","6,914.06","823.10M","0.61"
"Mar 04, 2015","6,919.24","6,889.13","6,919.24","6,862.87","764.09M","0.44"
"Mar 03, 2015","6,889.13","6,940.64","6,963.55","6,889.13","808.29M","-0.74"
"Mar 02, 2015","6,940.64","6,946.66","6,974.26","6,924.33","802.78M","-0.09"
"Feb 27, 2015","6,946.66","6,949.73","6,967.24","6,929.84","908.71M","-0.04"
"Feb 26, 2015","6,949.73","6,935.38","6,949.98","6,920.54","806.28M","0.21"
"Feb 25, 2015","6,935.38","6,949.63","6,955.41","6,904.88","718.03M","-0.21"
"Feb 24, 2015","6,949.63","6,912.16","6,958.89","6,899.59","857.36M","0.54"
"Feb 23, 2015","6,912.16","6,915.20","6,943.61","6,885.89","700.28M","-0.04"
"","","","","","",""
"","Highest:7,792.56","Lowest:5,499.51","Difference:2,293.05","Average:6,852.99","Change %:5.27"
